Model,AUC,Precision,Recall,F1_Score,Accuracy
Improved Logistic Regression,0.7761535622000738,0.23622047244094488,0.6976744186046512,0.35294117647058826,0.6927374301675978
