,AUC_mean,AUC_std,F1_mean,F1_std,Precision_mean,Precision_std,Recall_mean,Recall_std,Accuracy_mean,Accuracy_std
Improved Logistic Regression,0.730952380952381,0.03977101639595121,0.3128282828282828,0.05155831030289554,0.21282763532763532,0.031111779654276018,0.6,0.13362237189784104,0.6872848200312989,0.03698737366950178
