,AUC_mean,AUC_std,F1_mean,F1_std,Precision_mean,Precision_std,Recall_mean,Recall_std,Accuracy_mean,Accuracy_std
lr,0.8256172839506173,0.037995185909992804,0.4280802581165558,0.013559893667725774,0.3081486042692939,0.02380417951458505,0.7194444444444444,0.093952969584932,0.7682316118935837,0.03949150210230786
rf,0.8075396825396826,0.03296633159570206,0.442406015037594,0.0894712832179273,0.4809523809523809,0.07882354932022309,0.41666666666666663,0.11111111111111112,0.8770735524256651,0.010717732785776568
ensemble,0.8215167548500881,0.050086824943696234,0.48058608058608066,0.1165997991248386,0.530952380952381,0.0738325616888164,0.4611111111111111,0.18053418676968802,0.8882237871674491,0.009359955587040903
