,AUC_mean,AUC_std,F1_mean,F1_std,Precision_mean,Precision_std,Recall_mean,Recall_std,Accuracy_mean,Accuracy_std
Logistic Regression,0.7856701940035273,0.06307926014480318,0.39282882882882886,0.0664931171771126,0.2778858911985847,0.04822282498264665,0.6888888888888889,0.15947444549341472,0.7459311424100157,0.04534619514461299
