Model,AUC,Precision,Recall,F1_Score,Accuracy
Logistic Regression,0.8555924695459579,0.3238095238095238,0.7906976744186046,0.4594594594594595,0.776536312849162
