feature,coefficient,abs_coefficient
21号染色体的GC含量,-5.333768678286544,5.333768678286544
13号染色体的GC含量,4.696944738627511,4.696944738627511
年龄,-0.7432541779619785,0.7432541779619785
18号染色体的GC含量,0.5888773532666207,0.5888773532666207
18号染色体的Z值,0.33976500184627917,0.33976500184627917
21号染色体的Z值,0.3258726148569643,0.3258726148569643
13号染色体的Z值,-0.30116800103483476,0.30116800103483476
X染色体的Z值,-0.2712228774834695,0.2712228774834695
GC含量,-0.18987594739782315,0.18987594739782315
在参考基因组上比对的比例,0.17049772149057582,0.17049772149057582
孕妇BMI,-0.08406057828771284,0.08406057828771284
重复读段的比例,-0.08329427288854106,0.08329427288854106
被过滤掉读段数的比例,0.06525351573825176,0.06525351573825176
唯一比对的读段数,-0.050902715764309575,0.050902715764309575
