,AUC_mean,AUC_std,F1_mean,F1_std,Precision_mean,Precision_std,Recall_mean,Recall_std,Accuracy_mean,Accuracy_std
lr,0.6466049382716049,0.09514517153311738,0.24432900432900434,0.11335499282081202,0.1623876123876124,0.06980833162962324,0.5083333333333333,0.27744424420408387,0.6538341158059467,0.044648719704681504
rf,0.7202380952380952,0.049977132402188325,0.32832775919732443,0.10470127088899353,0.26243697478991596,0.0786240330801216,0.4583333333333333,0.17480147469502524,0.7794209702660406,0.04485172334915995
