,AUC,Precision,Recall,F1_Score,Accuracy
lr,0.4867724867724868,0.09090909090909091,0.2222222222222222,0.12903225806451613,0.625
rf,0.5784832451499118,0.2,0.2222222222222222,0.21052631578947367,0.7916666666666666
