BMI分组ID,BMI分组,样本数,BMI范围,BMI均值,BMI标准差,平均风险评分,风险评分标准差,主要风险分层,风险分层分布
0,组0,61,27.10 - 30.30,29.317655838215487,0.7442409205086179,116.11475409836065,2.429666373913215,0,"{0: 55, 1: 6}"
1,组1,119,30.30 - 33.85,31.860412009052855,1.093433013720847,120.22689075630252,2.8147221158863256,1,"{1: 65, 0: 54}"
2,组2,61,33.93 - 46.88,36.21126728843773,2.3962072395204417,128.62295081967213,4.977160952545234,2,"{2: 32, 1: 29}"
