指标,Pearson_r,Pearson_p,Spearman_rho,Spearman_p,N
孕妇BMI,-0.1172044510868566,0.003891298390730556,-0.12454323364883098,0.0021479102951406466,605
检测孕周,0.16163059132650515,6.506299513799856e-05,0.10575324937801281,0.00923824273422914,605
