组ID,最佳检测时点raw,建议检测时点,最小风险,组大小,平均BMI,策略,个体目标成功率p_target,覆盖分位数q,最小组间间隔(天)
0,112.96491228070175,112.96491228070175,,234,29.666046141002298,multiobj,,,6.0
1,117.0701754385965,117.0701754385965,,203,32.29352060351537,multiobj,,,6.0
2,120.49122807017544,120.49122807017544,,134,34.95625150486628,multiobj,,,6.0
3,123.45614035087719,123.45614035087719,,34,39.387842512340335,multiobj,,,6.0
