组ID,最佳检测时点,最小风险,组大小
0,120.81646140364711,0.1247360585207797,44
1,130.5510278468208,0.12497660033874053,415
2,128.29410836596875,0.125350403536974,228
3,129.12224069094276,0.1252863698249181,395
